index,orderId,correlation,apiMs,latencyMs,eventId,revision,computedAt
0,ORD-0F9813C6992F4AAB8209F5BA07C1405E,render-472d9737-074b-4bca-b5f9-90fa64efd3c2-0,27.600000023841858,443,2452b699-9e01-44d2-b4a3-0b2e71c8f7b8,5611,2026-09-14T19:20:54.971023Z
1,ORD-C35FFF45E2EB431E9303BAE6F7D5FF08,render-472d9737-074b-4bca-b5f9-90fa64efd3c2-1,9.400000035762787,468.10000002384186,c9afa2ef-e950-48a3-a330-ab564395b55d,5633,2026-09-14T19:20:59.370353Z
2,ORD-8DA2181A0EAD47708EACD39250F47146,render-472d9737-074b-4bca-b5f9-90fa64efd3c2-2,18.200000047683716,334.9000000357628,59a482b3-2366-4920-8f77-f2348d06f095,5653,2026-09-14T19:21:03.372624Z
3,ORD-45E65AB7F79D489E8139DFF88B6D8705,render-472d9737-074b-4bca-b5f9-90fa64efd3c2-3,13.100000023841858,314.10000002384186,3524c12a-62f3-4a63-8a8f-ab77d0d41c26,5674,2026-09-14T19:21:07.572915Z
4,ORD-0C6223236C74484782C6935D8F7DDE3D,render-472d9737-074b-4bca-b5f9-90fa64efd3c2-4,97.90000003576279,562.2000000476837,ef0e562a-d979-4d1e-b2b8-69f916fbd8ee,5696,2026-09-14T19:21:11.970939Z
5,ORD-98A9BF04CD4A488CA02026F68CDB725A,render-472d9737-074b-4bca-b5f9-90fa64efd3c2-5,10.399999976158142,247,aa772090-bdec-4a72-b648-30a14d17a071,5717,2026-09-14T19:21:16.170672Z
6,ORD-D39E85DA167447D481A0496B749629D7,render-472d9737-074b-4bca-b5f9-90fa64efd3c2-6,13.699999988079071,350.30000001192093,f6478dd7-7e52-4aa1-bed5-abae6bae6a90,5738,2026-09-14T19:21:20.370594Z
7,ORD-3CAE65FCC23C4C90A34430D3DD919526,render-472d9737-074b-4bca-b5f9-90fa64efd3c2-7,11.699999988079071,298.30000001192093,2e9c6b18-ef3c-412f-8c2a-95ff62bc0e2b,5759,2026-09-14T19:21:24.571485Z
8,ORD-4E5E7F50FEFB4BCE8D7C9F520C53A1B5,render-472d9737-074b-4bca-b5f9-90fa64efd3c2-8,9.800000011920929,524.6999999880791,06dadf2c-282d-40b3-a31d-c8c2736e633a,5781,2026-09-14T19:21:28.971900Z
9,ORD-5C5A420E64E4442CB6A65DCCD68640C8,render-472d9737-074b-4bca-b5f9-90fa64efd3c2-9,11.199999988079071,559.3999999761581,2151a558-d610-4e7c-b317-b729f914a940,5802,2026-09-14T19:21:33.170579Z
10,ORD-5C76916E7DB24247A19D58D17B38014F,render-472d9737-074b-4bca-b5f9-90fa64efd3c2-10,23.100000023841858,491.80000001192093,4aa69670-894e-4d7f-bb7d-7c2045bc1d0f,5823,2026-09-14T19:21:37.370591Z
11,ORD-AD5DCD80A87440F49D8C03C4E9DBA2D7,render-472d9737-074b-4bca-b5f9-90fa64efd3c2-11,11.899999976158142,480.69999998807907,dcb98fca-777e-4c8f-892e-c6616e8e5a49,5844,2026-09-14T19:21:41.570591Z
12,ORD-FB974965E6DA4215A270C3C1575FBF81,render-472d9737-074b-4bca-b5f9-90fa64efd3c2-12,9.299999952316284,539.2999999523163,c3d09224-bd47-4429-972c-01f33363088d,5865,2026-09-14T19:21:45.772310Z
13,ORD-E5B434D95AD74785A3A54886DB6A3E31,render-472d9737-074b-4bca-b5f9-90fa64efd3c2-13,11.5,528.8000000119209,b01805b5-aca8-454b-811a-64a5ae8d7c1b,5886,2026-09-14T19:21:49.971431Z
14,ORD-74E89CCE6714489EBB4F64A7A668D399,render-472d9737-074b-4bca-b5f9-90fa64efd3c2-14,289.30000001192093,683.3999999761581,f1b7daed-a68f-418c-a7e0-a3981ad9deec,5908,2026-09-14T19:21:54.371882Z
15,ORD-DF195DAA1D0848A186AF18C4E706E139,render-472d9737-074b-4bca-b5f9-90fa64efd3c2-15,50,668,f57cd069-ed2f-4f9f-b796-ad2b681ee594,5931,2026-09-14T19:21:58.972549Z
16,ORD-F40E14EE06F74220831870C32E05740F,render-472d9737-074b-4bca-b5f9-90fa64efd3c2-16,13,438.80000001192093,35966a1d-cd70-4697-b4c5-3aebf330403e,5951,2026-09-14T19:22:02.971472Z
17,ORD-D4B9E00CD69E4B6D8798E43C8343DB2E,render-472d9737-074b-4bca-b5f9-90fa64efd3c2-17,21.899999976158142,335.30000001192093,54603300-900a-44db-a109-9cdbbe4d4366,5972,2026-09-14T19:22:07.176166Z
18,ORD-0CE17A6176394E87B93704390249E689,render-472d9737-074b-4bca-b5f9-90fa64efd3c2-18,9.699999988079071,553.3000000119209,7ba69e1b-c08c-414d-b6db-74f3a06bd939,5994,2026-09-14T19:22:11.571855Z
19,ORD-766FD9CFA3964AB9AD81E96EB529CE91,render-472d9737-074b-4bca-b5f9-90fa64efd3c2-19,17.5,537.8999999761581,946948db-f384-45f3-9783-5eb95f164281,6015,2026-09-14T19:22:15.772415Z
20,ORD-1A8500F6DCC54C98BDDD72C6FEEB0EEC,render-472d9737-074b-4bca-b5f9-90fa64efd3c2-20,9.700000047683716,310,df46671b-1357-4e18-aa9d-9cae52f792ac,6035,2026-09-14T19:22:19.772081Z
21,ORD-A9702BD95C2B4CFB846F0ED627249E23,render-472d9737-074b-4bca-b5f9-90fa64efd3c2-21,38,354.30000001192093,934b3a0a-7aee-4087-a6af-2a176aaf6046,6056,2026-09-14T19:22:23.971995Z
22,ORD-692D253E3C854B3987202D685C7098A8,render-472d9737-074b-4bca-b5f9-90fa64efd3c2-22,14,340.5,f929e6bb-59be-46a9-b27b-e2e200498817,6077,2026-09-14T19:22:28.172246Z
23,ORD-F0D7C5B899FC442497FE386CEB6C61C1,render-472d9737-074b-4bca-b5f9-90fa64efd3c2-23,9.5,479.5,8e79c737-5563-41f6-ab9e-6afcad7415c7,6099,2026-09-14T19:22:32.572022Z
24,ORD-4AB1764657FA4808A4BC0F32A6BB150E,render-472d9737-074b-4bca-b5f9-90fa64efd3c2-24,10,465.5999999642372,348ec68a-d52e-482d-b518-ecaa1492bf04,6120,2026-09-14T19:22:36.772458Z
25,ORD-6A94647526D24ABF9F8FFDA56227810D,render-472d9737-074b-4bca-b5f9-90fa64efd3c2-25,10.100000023841858,583.9000000357628,876179e1-29d4-4edf-8f89-9861340a2e52,6141,2026-09-14T19:22:40.972101Z
26,ORD-EF13AB4B8C644C14BA4DF8ED40861B1B,render-472d9737-074b-4bca-b5f9-90fa64efd3c2-26,16.400000035762787,351.69999998807907,08b25e06-33fa-49a5-9c46-63b371ea272b,6161,2026-09-14T19:22:44.971911Z
27,ORD-AE8CFC35DF3840A68A3571C9F3E0475A,render-472d9737-074b-4bca-b5f9-90fa64efd3c2-27,15.700000047683716,359.30000001192093,151a5557-444b-4aec-8b36-8bf2165dcc21,6182,2026-09-14T19:22:49.171959Z
28,ORD-BBB225A4406844DFA7331432FD5F8C6A,render-472d9737-074b-4bca-b5f9-90fa64efd3c2-28,14.300000011920929,502.10000002384186,b1dc7f2a-bd39-4669-8d99-226901017605,6204,2026-09-14T19:22:53.575483Z
29,ORD-B7EC31DA5E44482F9320AAF849582A20,render-472d9737-074b-4bca-b5f9-90fa64efd3c2-29,10.599999964237213,506.0999999642372,58fdad26-af39-4333-8916-2e10c14df45d,6225,2026-09-14T19:22:57.772515Z
30,ORD-32C9490980A34BA096CA6281FF358E29,render-472d9737-074b-4bca-b5f9-90fa64efd3c2-30,10.5,520.4000000357628,0f69cedb-f09e-477e-bb8f-640123d0c26a,6246,2026-09-14T19:23:01.972090Z
31,ORD-3C4404E56F3146158DD3D4603856D43D,render-472d9737-074b-4bca-b5f9-90fa64efd3c2-31,25.099999964237213,495.39999997615814,25e8aa44-8b05-40df-92d5-93e531715e2b,6268,2026-09-14T19:23:06.372092Z
32,ORD-1F210F7666A6493AAB3D410D1BA59454,render-472d9737-074b-4bca-b5f9-90fa64efd3c2-32,10.400000035762787,280.2000000476837,c1d673b2-75c1-484d-a064-b581c7c037ff,6288,2026-09-14T19:23:10.372117Z
33,ORD-5A40B56BF7F24382BD422A40019DB55E,render-472d9737-074b-4bca-b5f9-90fa64efd3c2-33,8.100000023841858,574.9000000357628,cddc5728-000a-4a4e-9e08-47ab838ae2a3,6310,2026-09-14T19:23:14.772772Z
34,ORD-8521D3B25DF940BC8F68436FE54EF115,render-472d9737-074b-4bca-b5f9-90fa64efd3c2-34,11.199999988079071,540.6999999880791,f6acbaef-80cd-472d-a175-f39cd9338ada,6331,2026-09-14T19:23:18.972377Z
35,ORD-2094DFCF05E44A6BBA5B68DDFEFE056E,render-472d9737-074b-4bca-b5f9-90fa64efd3c2-35,17.30000001192093,551,feef6824-7cfb-400a-8c6b-dc2ec7cf2dd5,6352,2026-09-14T19:23:23.177397Z
36,ORD-F53FE09073594FDAA386645500B3D2DD,render-472d9737-074b-4bca-b5f9-90fa64efd3c2-36,12.900000035762787,504.19999998807907,a9bd4d20-1fdd-40ac-ad79-a913879efcaf,6373,2026-09-14T19:23:27.372408Z
37,ORD-6E2FE5DDAC734FE8BAC8AC3FABF028EE,render-472d9737-074b-4bca-b5f9-90fa64efd3c2-37,9.699999988079071,499.89999997615814,e41548ff-903f-499b-a82f-edbd98c0da0d,6394,2026-09-14T19:23:31.572297Z
38,ORD-CEED41B09BEA4B3A9E179F327A746522,render-472d9737-074b-4bca-b5f9-90fa64efd3c2-38,17.80000001192093,305.19999998807907,952312a0-e241-4f2f-b233-48c19b408ca1,6414,2026-09-14T19:23:35.574138Z
39,ORD-0B027E826DFF4B3AA78789AC7EE1071F,render-472d9737-074b-4bca-b5f9-90fa64efd3c2-39,21.19999998807907,499.19999998807907,194053ff-0434-4895-9249-73148c1c0d45,6436,2026-09-14T19:23:39.972643Z
40,ORD-3CBFDEB072924527B889FBEA22CC6D49,render-472d9737-074b-4bca-b5f9-90fa64efd3c2-40,33.89999997615814,727.8000000119209,c6f738ea-4c6b-43ee-8ebe-628b365eb20d,6458,2026-09-14T19:23:44.373429Z
41,ORD-E73B7FDAC1C84097BED9536AE3F7AFA3,render-472d9737-074b-4bca-b5f9-90fa64efd3c2-41,11.600000023841858,523.8000000119209,3f597311-97dd-4139-8c91-6f37d64cad2a,6479,2026-09-14T19:23:48.574837Z
42,ORD-9ABB1227C30D406B8DAF4EA4284C1D62,render-472d9737-074b-4bca-b5f9-90fa64efd3c2-42,12.800000011920929,416.10000002384186,549fa79b-a435-46c5-9c35-978005dfde41,6500,2026-09-14T19:23:52.773268Z
43,ORD-CE1077DE1DD04C038E0253189D984BD3,render-472d9737-074b-4bca-b5f9-90fa64efd3c2-43,40.09999996423721,522.8999999761581,53dca4bb-2b6c-4709-9d85-57208088457d,6522,2026-09-14T19:23:57.175236Z
44,ORD-3AFEB0F313CC440980237DAEDB5ACFBA,render-472d9737-074b-4bca-b5f9-90fa64efd3c2-44,8.5,252.5,af70d430-6cf4-4e5c-b75e-bd70d5987efa,6542,2026-09-14T19:24:01.174365Z
45,ORD-13E1AD3C88E6419BB0CB15302CA8D1C6,render-472d9737-074b-4bca-b5f9-90fa64efd3c2-45,13.600000023841858,475.10000002384186,9e5c3faf-919d-45bb-9869-a81f7cdce10a,6565,2026-09-14T19:24:05.773315Z
46,ORD-7316DAAF6B1E46DCAC06AA7E70AECE42,render-472d9737-074b-4bca-b5f9-90fa64efd3c2-46,72.09999996423721,556.8999999761581,81a28d74-e0e5-4d30-a511-e18d535a7c03,6586,2026-09-14T19:24:09.972827Z
47,ORD-DBB0FC60B6434C3F81D245088E5EC15A,render-472d9737-074b-4bca-b5f9-90fa64efd3c2-47,86.30000001192093,537.8000000119209,aeeed19a-fd36-44bf-a385-b4253f843eef,6607,2026-09-14T19:24:14.173696Z
48,ORD-B4167AEC15504F649ED7D07E9AAD1171,render-472d9737-074b-4bca-b5f9-90fa64efd3c2-48,18.400000035762787,451.7000000476837,88917ca8-2402-4311-9d0f-4f32f8e6cae0,6628,2026-09-14T19:24:18.373447Z
49,ORD-8823FB533FDA41B69DC152DB8505F116,render-472d9737-074b-4bca-b5f9-90fa64efd3c2-49,10.299999952316284,479.19999998807907,82ba3328-228b-47e0-ae55-a5ec449bf47d,6649,2026-09-14T19:24:22.573569Z
50,ORD-D63B4BC9ED4B408383188611A43B505C,render-472d9737-074b-4bca-b5f9-90fa64efd3c2-50,10.300000011920929,311.5,40d8c5b2-b543-4b54-a7e5-79e0f3749d5e,6669,2026-09-14T19:24:26.572373Z
51,ORD-333C8AFC41424913B9E3D24F8FA5F88C,render-472d9737-074b-4bca-b5f9-90fa64efd3c2-51,15.899999976158142,290,3d52845a-5a4a-432c-9db5-ad6b5c754805,6690,2026-09-14T19:24:30.773204Z
52,ORD-5515921909E3493881DFB1FCE7B06679,render-472d9737-074b-4bca-b5f9-90fa64efd3c2-52,34.5,454.39999997615814,648da723-5b51-460e-b468-6e202b2e0c78,6712,2026-09-14T19:24:35.173307Z
53,ORD-9C8BC2118BB4425AAA27D3F196A4CF88,render-472d9737-074b-4bca-b5f9-90fa64efd3c2-53,27.899999976158142,482.39999997615814,ba6cebc1-9b09-4baa-b4fe-03af2583a441,6733,2026-09-14T19:24:39.373967Z
54,ORD-A9644C14A9FA4158B60636EB90B19E9E,render-472d9737-074b-4bca-b5f9-90fa64efd3c2-54,9.399999976158142,491.5,d69cb448-23c4-4564-af11-8c1c31c10d2b,6754,2026-09-14T19:24:43.574647Z
55,ORD-CC650EB6FB0544188B184E57409D9861,render-472d9737-074b-4bca-b5f9-90fa64efd3c2-55,14.299999952316284,510.2999999523163,a9d565e2-60b8-4cbe-913d-fbe4386eebae,6776,2026-09-14T19:24:47.973626Z
56,ORD-8EBD6F5B7FDA423F9F8267D0C4991711,render-472d9737-074b-4bca-b5f9-90fa64efd3c2-56,11.899999976158142,340.0999999642372,72ed2b54-5baa-4779-af51-ec6b0886bf31,6796,2026-09-14T19:24:51.973635Z
57,ORD-2CE0EEEB144941DEB602C358962B33D4,render-472d9737-074b-4bca-b5f9-90fa64efd3c2-57,14.5,277.10000002384186,5fa94545-d8c1-4750-8bba-3926b4aa84d3,6817,2026-09-14T19:24:56.173631Z
58,ORD-1D0DEE0B08294D5793B2638BAAD97DB3,render-472d9737-074b-4bca-b5f9-90fa64efd3c2-58,10.800000011920929,512.1000000238419,c00ea148-dfd9-4294-8c71-fc9712c8c470,6839,2026-09-14T19:25:00.573441Z
59,ORD-3D5FB4DD8D3F406E8D4C7302371C456C,render-472d9737-074b-4bca-b5f9-90fa64efd3c2-59,25.099999964237213,514.3999999761581,77865e20-4bb3-437f-a450-b27b495c4ee5,6860,2026-09-14T19:25:04.774467Z
60,ORD-93989CA563A541EFBC7B6B244289A62B,render-472d9737-074b-4bca-b5f9-90fa64efd3c2-60,13.5,394.7000000476837,5a058805-76ba-4666-a908-5f649726f477,6881,2026-09-14T19:25:08.973637Z
61,ORD-C6EC741EE32F4BA0AD8B4FC4B7F2A4F8,render-472d9737-074b-4bca-b5f9-90fa64efd3c2-61,12.900000035762787,375.30000001192093,db0496c7-9e94-47b7-82c1-683a704bf294,6902,2026-09-14T19:25:13.174713Z
62,ORD-9ED6FA4E26514CB880E6314C4C2496C6,render-472d9737-074b-4bca-b5f9-90fa64efd3c2-62,23.399999976158142,415.19999998807907,26567f9a-14ca-4df0-af28-6f36468181e8,6923,2026-09-14T19:25:17.374187Z
63,ORD-3C2582B98126475B912E7576C17906EC,render-472d9737-074b-4bca-b5f9-90fa64efd3c2-63,10.900000035762787,344.30000001192093,dad702db-fbe8-4584-98f3-80f6c8c114c4,6944,2026-09-14T19:25:21.573914Z
64,ORD-E723870FDE474F97A9A37350B05AE52F,render-472d9737-074b-4bca-b5f9-90fa64efd3c2-64,10.399999976158142,478.0999999642372,ad85f21a-0e8b-47cb-ae8a-4b6c73642e58,6966,2026-09-14T19:25:25.973889Z
65,ORD-17662C12FF0841EA8A872F80A3469E3A,render-472d9737-074b-4bca-b5f9-90fa64efd3c2-65,16.100000023841858,464.9000000357628,f0185e89-f31e-4f3e-9b38-32260212d8c4,6988,2026-09-14T19:25:30.374252Z
66,ORD-D2734402993548C399394E49E5DBD040,render-472d9737-074b-4bca-b5f9-90fa64efd3c2-66,20.899999976158142,422,2d2d604a-6345-4901-8f9c-88bbf04db23f,7009,2026-09-14T19:25:34.576728Z
67,ORD-2AB82FF31EFB4500B7A4E5C9A98A34E6,render-472d9737-074b-4bca-b5f9-90fa64efd3c2-67,55.39999997615814,500.80000001192093,6fe74259-50b4-4096-83a9-ff9201141a0b,7031,2026-09-14T19:25:38.973995Z
68,ORD-2C0EEC8AF2CC408EB26D0CF8ABB2C86A,render-472d9737-074b-4bca-b5f9-90fa64efd3c2-68,48.30000001192093,590.5,f8180039-a304-4480-8832-9074e245109d,7053,2026-09-14T19:25:43.370791Z
69,ORD-27E83BC40F584E79888A5F3A7C4661F6,render-472d9737-074b-4bca-b5f9-90fa64efd3c2-69,15.400000035762787,546.5,34da47fa-e6b9-49f9-8613-be6646b38b5e,7074,2026-09-14T19:25:47.572738Z
70,ORD-CFD6E4E67C804E098012E819C0369D49,render-472d9737-074b-4bca-b5f9-90fa64efd3c2-70,13.700000047683716,479.7000000476837,4c21648d-8a3d-4d03-ab62-7a4c9271d973,7095,2026-09-14T19:25:51.771418Z
71,ORD-61DB1FA3529540DA87D3997481C6030F,render-472d9737-074b-4bca-b5f9-90fa64efd3c2-71,10.199999988079071,619.0999999642372,0013f6aa-3890-4dc8-9bae-e791c4a7d6d1,7116,2026-09-14T19:25:55.972354Z
72,ORD-066542B69FFB47CBBD080C898A40A1B2,render-472d9737-074b-4bca-b5f9-90fa64efd3c2-72,15.600000023841858,371.5,8a0b3a36-965e-4b9d-82fa-13732259b0f2,7137,2026-09-14T19:26:00.175834Z
73,ORD-CF397AF3C54443B6A206180A29B4307D,render-472d9737-074b-4bca-b5f9-90fa64efd3c2-73,31.400000035762787,436.69999998807907,c42c86ec-5f59-4274-88ff-46cc6e406b6f,7159,2026-09-14T19:26:04.571566Z
74,ORD-FCCDC57FBE7E4DDDA67C524EDAB19058,render-472d9737-074b-4bca-b5f9-90fa64efd3c2-74,15.699999988079071,360,54d95d2e-22df-4049-be94-d0cb8b705a4b,7180,2026-09-14T19:26:08.770771Z
75,ORD-6E341138ACFB4C56B6D7F1C503CF350C,render-472d9737-074b-4bca-b5f9-90fa64efd3c2-75,16.5,464.2000000476837,1568175b-f749-4bc8-83f0-03cda495cc99,7202,2026-09-14T19:26:13.176234Z
76,ORD-C4EC799E71A946B88181D27E46D62F20,render-472d9737-074b-4bca-b5f9-90fa64efd3c2-76,11.600000023841858,1143.699999988079,4b653186-1f6f-4767-98d1-3359953723cb,7225,2026-09-14T19:26:18.166763Z
77,ORD-0E947A7173A944E59B3D9E8053C4528F,render-472d9737-074b-4bca-b5f9-90fa64efd3c2-77,12.900000035762787,488.30000001192093,38d1c1b0-0817-4148-b4e7-81eda436067d,7244,2026-09-14T19:26:21.896499Z
78,ORD-3D15AACBBEC54E31B95E2FE97634A1BD,render-472d9737-074b-4bca-b5f9-90fa64efd3c2-78,12,553.6999999880791,0330ec1c-7183-4972-839a-18c301d86546,7265,2026-09-14T19:26:26.097005Z
79,ORD-CBC98807BC1F4F6B989B1BB7DDBF8A14,render-472d9737-074b-4bca-b5f9-90fa64efd3c2-79,12.099999964237213,489,266f3b26-8ba0-4b20-9ff8-27afcb5e2f25,7286,2026-09-14T19:26:30.296556Z
80,ORD-17A072EB0B0C4B76B7881D67EE84AD28,render-472d9737-074b-4bca-b5f9-90fa64efd3c2-80,17.299999952316284,470.69999998807907,bce150db-b862-487d-9d1a-fe687ad5f8bd,7307,2026-09-14T19:26:34.496950Z
81,ORD-401655C9A8444C2684DB4DB187006B75,render-472d9737-074b-4bca-b5f9-90fa64efd3c2-81,20.19999998807907,480.30000001192093,2c9ce247-42bc-49b6-9fd6-f2ec2339a6d3,7328,2026-09-14T19:26:38.696191Z
82,ORD-A7172238BE954FB49E7CD8B369248E0F,render-472d9737-074b-4bca-b5f9-90fa64efd3c2-82,13.300000011920929,558.1999999880791,b0948c3b-09c7-4f68-9a3b-14396677cda2,7349,2026-09-14T19:26:42.897751Z
83,ORD-670F20DC317B477581B3FEF3A3644ECC,render-472d9737-074b-4bca-b5f9-90fa64efd3c2-83,13.699999988079071,351.5,0f48215a-8c38-4c7b-bcf7-7d341b360f24,7369,2026-09-14T19:26:46.900410Z
84,ORD-AEA637F97B1541F3A8C2EB05AAFE732B,render-472d9737-074b-4bca-b5f9-90fa64efd3c2-84,12.5,696.2999999523163,711d2f6b-498f-43d0-9064-832fca20f8d9,7392,2026-09-14T19:26:51.497856Z
85,ORD-C74ADAC2D74642BD914CA5F17983DB3A,render-472d9737-074b-4bca-b5f9-90fa64efd3c2-85,10.100000023841858,550.6000000238419,4222bff0-29e5-4c20-a279-3eb8f14e2e3d,7413,2026-09-14T19:26:55.697580Z
86,ORD-4CDB51A9B4B143C98922775F310CB7F6,render-472d9737-074b-4bca-b5f9-90fa64efd3c2-86,37.30000001192093,401.10000002384186,d2b121e5-d554-493c-ac1e-5ff49932a069,7434,2026-09-14T19:26:59.897541Z
87,ORD-2AAC18AE78AF470CB636BEFF45FA5C0C,render-472d9737-074b-4bca-b5f9-90fa64efd3c2-87,43.299999952316284,381.19999998807907,9f233447-24e8-47d3-81b3-e74ae8ee6df2,7455,2026-09-14T19:27:04.096788Z
88,ORD-E4A49AE20FA74D30BB9D4812D033C863,render-472d9737-074b-4bca-b5f9-90fa64efd3c2-88,12.399999976158142,443.30000001192093,3f67f69a-0537-48cf-8809-6ab3f0c3fc3f,7477,2026-09-14T19:27:08.497614Z
89,ORD-9CCFF1AA863D401E84E39E5E9BD7C874,render-472d9737-074b-4bca-b5f9-90fa64efd3c2-89,16.599999964237213,381.80000001192093,4cb731dd-1a7e-4b73-8c98-153eceb45ffb,7498,2026-09-14T19:27:12.696106Z
90,ORD-7ECB50E1828448CD84C668C55CEDFF19,render-472d9737-074b-4bca-b5f9-90fa64efd3c2-90,23.799999952316284,450.7999999523163,f831495b-a144-49ea-8b33-334433e495d2,7520,2026-09-14T19:27:17.096145Z
91,ORD-83BEE389B402439BA117DDF25C11C984,render-472d9737-074b-4bca-b5f9-90fa64efd3c2-91,11,290,aa40411e-6e5e-4c89-962d-9eeafd7ceafa,7541,2026-09-14T19:27:21.297376Z
92,ORD-C0C6A819E0F745D3931A02B08F9571B1,render-472d9737-074b-4bca-b5f9-90fa64efd3c2-92,11.699999988079071,499.10000002384186,981a6d46-adc9-4b08-9092-b0d34fc97a5c,7563,2026-09-14T19:27:25.696594Z
93,ORD-53777FD3B4E94D03A8FAFAC1DD86776E,render-472d9737-074b-4bca-b5f9-90fa64efd3c2-93,22.80000001192093,309.80000001192093,1dcc65c6-8b0d-434f-9592-b079faed8412,7583,2026-09-14T19:27:29.697223Z
94,ORD-4750978A3C1B47098F42C5F492E5A55E,render-472d9737-074b-4bca-b5f9-90fa64efd3c2-94,13.099999964237213,475.89999997615814,f6f30946-9a3f-48f3-b64f-f9f4d5023f0a,7605,2026-09-14T19:27:34.096252Z
95,ORD-AFBE4E3F610B467B9C86515301B5807D,render-472d9737-074b-4bca-b5f9-90fa64efd3c2-95,22.30000001192093,486.5,51ee98e0-755c-4ec4-b720-9176bc5c542e,7626,2026-09-14T19:27:38.297333Z
96,ORD-32B38877AE484D2F847698D369FE9ACA,render-472d9737-074b-4bca-b5f9-90fa64efd3c2-96,14,543.6000000238419,ea1ab2bc-1217-41b9-a182-7e32e84df4a1,7647,2026-09-14T19:27:42.498319Z
97,ORD-951C0AFA805B4FDBA18747B5E7562107,render-472d9737-074b-4bca-b5f9-90fa64efd3c2-97,11.5,436.4000000357628,af62ab3e-7624-4cef-a41a-9577e0b5fe75,7665,2026-09-14T19:27:46.509445Z
98,ORD-27C2D757DF4D47EE9B3562ED69B2D672,render-472d9737-074b-4bca-b5f9-90fa64efd3c2-98,59.89999997615814,472.5,24b9a300-878e-44aa-bee5-df161eca2ccd,7687,2026-09-14T19:27:50.909521Z
99,ORD-6DAB1A3140F448908CA2294ED17C24C2,render-472d9737-074b-4bca-b5f9-90fa64efd3c2-99,10.300000011920929,270.60000002384186,5e19c8cc-065b-4acc-8a6e-0e3102cd37ca,7707,2026-09-14T19:27:54.909406Z
